model,metric,family,direction,value
gaussian-mixture,prediction_coverage,runtime,higher,1.0
gaussian-mixture,fit_seconds,runtime,lower,1.6450354997068644
gaussian-mixture,regime_persistence,regime_quality,higher,0.963855421686747
gaussian-mixture,switching_frequency,regime_quality,lower,0.03614457831325302
gaussian-mixture,occupancy_concentration,regime_quality,lower,0.665888
gaussian-mixture,state_entropy,regime_quality,higher,0.7452883145630643
gaussian-mixture,transition_concentration,regime_quality,higher,0.9426261070465922
gaussian-mixture,probability_entropy,regime_quality,lower,0.16965883075190868
gaussian-mixture,aligned_accuracy,recovery,higher,0.88
gaussian-mixture,balanced_accuracy,recovery,higher,0.900182693904667
gaussian-mixture,adjusted_rand_index,recovery,higher,0.4687044868482189
gaussian-mixture,normalized_mutual_information,recovery,higher,0.35167036844076016
gaussian-mixture,macro_f1,recovery,higher,0.7767857142857143
gaussian-mixture,boundary_precision,recovery,higher,0.0
gaussian-mixture,boundary_recall,recovery,higher,0.0
gaussian-mixture,boundary_f1,recovery,higher,0.0
gaussian-mixture,recovery_score,recovery,higher,0.6071651700092086
gaussian-mixture,confidence_calibration,regime_quality,lower,0.09134396895896213
hdbscan,prediction_coverage,runtime,higher,1.0
hdbscan,fit_seconds,runtime,lower,0.02727710036560893
hdbscan,regime_persistence,regime_quality,higher,0.9839357429718876
hdbscan,switching_frequency,regime_quality,lower,0.016064257028112428
hdbscan,occupancy_concentration,regime_quality,lower,0.770848
hdbscan,state_entropy,regime_quality,higher,0.5628977911449632
hdbscan,transition_concentration,regime_quality,higher,0.9650673400673401
hdbscan,probability_entropy,regime_quality,lower,0.0
hdbscan,aligned_accuracy,recovery,higher,0.936
hdbscan,balanced_accuracy,recovery,higher,0.8827437302773625
hdbscan,adjusted_rand_index,recovery,higher,0.6403965835786883
hdbscan,normalized_mutual_information,recovery,higher,0.4453787061653608
hdbscan,macro_f1,recovery,higher,0.8484848484848484
hdbscan,boundary_precision,recovery,higher,0.0
hdbscan,boundary_recall,recovery,higher,0.0
hdbscan,boundary_f1,recovery,higher,0.0
hdbscan,recovery_score,recovery,higher,0.655467596119486
hdbscan,confidence_calibration,regime_quality,lower,0.06399999999999995
hierarchical-clustering,prediction_coverage,runtime,higher,1.0
hierarchical-clustering,fit_seconds,runtime,lower,0.0408997000195086
hierarchical-clustering,regime_persistence,regime_quality,higher,0.9759036144578314
hierarchical-clustering,switching_frequency,regime_quality,lower,0.02409638554216864
hierarchical-clustering,occupancy_concentration,regime_quality,lower,0.7649919999999999
hierarchical-clustering,state_entropy,regime_quality,higher,0.5736665363828041
hierarchical-clustering,transition_concentration,regime_quality,higher,0.94890560875513
hierarchical-clustering,probability_entropy,regime_quality,lower,0.0
hierarchical-clustering,aligned_accuracy,recovery,higher,0.924
hierarchical-clustering,balanced_accuracy,recovery,higher,0.8597409068261086
hierarchical-clustering,adjusted_rand_index,recovery,higher,0.5829401061203093
hierarchical-clustering,normalized_mutual_information,recovery,higher,0.3842902974375808
hierarchical-clustering,macro_f1,recovery,higher,0.8226222039657941
hierarchical-clustering,boundary_precision,recovery,higher,0.0
hierarchical-clustering,boundary_recall,recovery,higher,0.0
hierarchical-clustering,boundary_f1,recovery,higher,0.0
hierarchical-clustering,recovery_score,recovery,higher,0.6303539102149397
hierarchical-clustering,confidence_calibration,regime_quality,lower,0.07599999999999996
jump-penalized-kmeans,prediction_coverage,runtime,higher,1.0
jump-penalized-kmeans,fit_seconds,runtime,lower,0.030747899785637856
jump-penalized-kmeans,regime_persistence,regime_quality,higher,0.9839357429718876
jump-penalized-kmeans,switching_frequency,regime_quality,lower,0.016064257028112428
jump-penalized-kmeans,occupancy_concentration,regime_quality,lower,0.770848
jump-penalized-kmeans,state_entropy,regime_quality,higher,0.5628977911449632
jump-penalized-kmeans,transition_concentration,regime_quality,higher,0.9650673400673401
jump-penalized-kmeans,probability_entropy,regime_quality,lower,0.0
jump-penalized-kmeans,aligned_accuracy,recovery,higher,0.936
jump-penalized-kmeans,balanced_accuracy,recovery,higher,0.8827437302773625
jump-penalized-kmeans,adjusted_rand_index,recovery,higher,0.6403965835786883
jump-penalized-kmeans,normalized_mutual_information,recovery,higher,0.4453787061653608
jump-penalized-kmeans,macro_f1,recovery,higher,0.8484848484848484
jump-penalized-kmeans,boundary_precision,recovery,higher,0.0
jump-penalized-kmeans,boundary_recall,recovery,higher,0.0
jump-penalized-kmeans,boundary_f1,recovery,higher,0.0
jump-penalized-kmeans,recovery_score,recovery,higher,0.655467596119486
jump-penalized-kmeans,confidence_calibration,regime_quality,lower,0.06399999999999995
markov-switching-regression,prediction_coverage,runtime,higher,1.0
markov-switching-regression,fit_seconds,runtime,lower,0.8549031000584364
markov-switching-regression,regime_persistence,regime_quality,higher,0.8072289156626506
markov-switching-regression,switching_frequency,regime_quality,lower,0.19277108433734935
markov-switching-regression,occupancy_concentration,regime_quality,lower,0.7151679999999999
markov-switching-regression,state_entropy,regime_quality,higher,0.6622595460438849
markov-switching-regression,transition_concentration,regime_quality,higher,0.7208173402573945
markov-switching-regression,probability_entropy,regime_quality,lower,0.79596084321715
markov-switching-regression,aligned_accuracy,recovery,higher,0.824
markov-switching-regression,balanced_accuracy,recovery,higher,0.6734761667497093
markov-switching-regression,adjusted_rand_index,recovery,higher,0.210334523453482
markov-switching-regression,normalized_mutual_information,recovery,higher,0.0798666212249374
markov-switching-regression,macro_f1,recovery,higher,0.6345514950166113
markov-switching-regression,boundary_precision,recovery,higher,0.0
markov-switching-regression,boundary_recall,recovery,higher,0.0
markov-switching-regression,boundary_f1,recovery,higher,0.0
markov-switching-regression,recovery_score,recovery,higher,0.46951025745299985
markov-switching-regression,confidence_calibration,regime_quality,lower,0.2152108623662488
markov-switching-var,prediction_coverage,runtime,higher,1.0
markov-switching-var,fit_seconds,runtime,lower,0.8447871999815106
markov-switching-var,regime_persistence,regime_quality,higher,0.9718875502008032
markov-switching-var,switching_frequency,regime_quality,lower,0.028112449799196804
markov-switching-var,occupancy_concentration,regime_quality,lower,0.623008
markov-switching-var,state_entropy,regime_quality,higher,0.8144326879441559
markov-switching-var,transition_concentration,regime_quality,higher,0.960189452124936
markov-switching-var,probability_entropy,regime_quality,lower,0.04547160868622649
markov-switching-var,aligned_accuracy,recovery,higher,0.848
markov-switching-var,balanced_accuracy,recovery,higher,0.8985218402258761
markov-switching-var,adjusted_rand_index,recovery,higher,0.391725953390842
markov-switching-var,normalized_mutual_information,recovery,higher,0.32329482193433084
markov-switching-var,macro_f1,recovery,higher,0.7425474254742548
markov-switching-var,boundary_precision,recovery,higher,0.0
markov-switching-var,boundary_recall,recovery,higher,0.0
markov-switching-var,boundary_f1,recovery,higher,0.0
markov-switching-var,recovery_score,recovery,higher,0.5847045107216472
markov-switching-var,confidence_calibration,regime_quality,lower,0.14524934531550507
regime-switching-copula,prediction_coverage,runtime,higher,1.0
regime-switching-copula,fit_seconds,runtime,lower,0.02936219982802868
regime-switching-copula,regime_persistence,regime_quality,higher,0.8393574297188755
regime-switching-copula,switching_frequency,regime_quality,lower,0.1606425702811245
regime-switching-copula,occupancy_concentration,regime_quality,lower,0.5
regime-switching-copula,state_entropy,regime_quality,higher,1.0
regime-switching-copula,transition_concentration,regime_quality,higher,0.8393548387096774
regime-switching-copula,probability_entropy,regime_quality,lower,0.0
regime-switching-copula,aligned_accuracy,recovery,higher,0.56
regime-switching-copula,balanced_accuracy,recovery,higher,0.6557050323866467
regime-switching-copula,adjusted_rand_index,recovery,higher,0.012872354556603453
regime-switching-copula,normalized_mutual_information,recovery,higher,0.03799485879936275
regime-switching-copula,macro_f1,recovery,higher,0.4801119177253479
regime-switching-copula,boundary_precision,recovery,higher,0.0
regime-switching-copula,boundary_recall,recovery,higher,0.0
regime-switching-copula,boundary_f1,recovery,higher,0.0
regime-switching-copula,recovery_score,recovery,higher,0.37337466436494315
regime-switching-copula,confidence_calibration,regime_quality,lower,0.43999999999999995
regime-switching-correlation,prediction_coverage,runtime,higher,1.0
regime-switching-correlation,fit_seconds,runtime,lower,0.02975980006158352
regime-switching-correlation,regime_persistence,regime_quality,higher,0.8393574297188755
regime-switching-correlation,switching_frequency,regime_quality,lower,0.1606425702811245
regime-switching-correlation,occupancy_concentration,regime_quality,lower,0.5
regime-switching-correlation,state_entropy,regime_quality,higher,1.0
regime-switching-correlation,transition_concentration,regime_quality,higher,0.8393548387096774
regime-switching-correlation,probability_entropy,regime_quality,lower,0.0
regime-switching-correlation,aligned_accuracy,recovery,higher,0.56
regime-switching-correlation,balanced_accuracy,recovery,higher,0.6557050323866467
regime-switching-correlation,adjusted_rand_index,recovery,higher,0.012872354556603453
regime-switching-correlation,normalized_mutual_information,recovery,higher,0.03799485879936275
regime-switching-correlation,macro_f1,recovery,higher,0.4801119177253479
regime-switching-correlation,boundary_precision,recovery,higher,0.0
regime-switching-correlation,boundary_recall,recovery,higher,0.0
regime-switching-correlation,boundary_f1,recovery,higher,0.0
regime-switching-correlation,recovery_score,recovery,higher,0.37337466436494315
regime-switching-correlation,confidence_calibration,regime_quality,lower,0.43999999999999995
switching-stochastic-volatility,prediction_coverage,runtime,higher,1.0
switching-stochastic-volatility,fit_seconds,runtime,lower,0.009450600016862154
switching-stochastic-volatility,regime_persistence,regime_quality,higher,0.5301204819277109
switching-stochastic-volatility,switching_frequency,regime_quality,lower,0.4698795180722891
switching-stochastic-volatility,occupancy_concentration,regime_quality,lower,0.5
switching-stochastic-volatility,state_entropy,regime_quality,higher,1.0
switching-stochastic-volatility,transition_concentration,regime_quality,higher,0.5301290322580645
switching-stochastic-volatility,probability_entropy,regime_quality,lower,0.0
switching-stochastic-volatility,aligned_accuracy,recovery,higher,0.576
switching-stochastic-volatility,balanced_accuracy,recovery,higher,0.6972263743564192
switching-stochastic-volatility,adjusted_rand_index,recovery,higher,0.021589845451428252
switching-stochastic-volatility,normalized_mutual_information,recovery,higher,0.06334821757885856
switching-stochastic-volatility,macro_f1,recovery,higher,0.4990169388989716
switching-stochastic-volatility,boundary_precision,recovery,higher,0.008547008547008548
switching-stochastic-volatility,boundary_recall,recovery,higher,0.5
switching-stochastic-volatility,boundary_f1,recovery,higher,0.016806722689075633
switching-stochastic-volatility,recovery_score,recovery,higher,0.3938655293748399
switching-stochastic-volatility,confidence_calibration,regime_quality,lower,0.42400000000000004
gaussian-hmm,prediction_coverage,runtime,higher,1.0
gaussian-hmm,fit_seconds,runtime,lower,2.137170699890703
gaussian-hmm,regime_persistence,regime_quality,higher,0.9718875502008032
gaussian-hmm,switching_frequency,regime_quality,lower,0.028112449799196804
gaussian-hmm,occupancy_concentration,regime_quality,lower,0.623008
gaussian-hmm,state_entropy,regime_quality,higher,0.8144326879441559
gaussian-hmm,transition_concentration,regime_quality,higher,0.960189452124936
gaussian-hmm,probability_entropy,regime_quality,lower,0.04562051157978049
gaussian-hmm,aligned_accuracy,recovery,higher,0.848
gaussian-hmm,balanced_accuracy,recovery,higher,0.8985218402258761
gaussian-hmm,adjusted_rand_index,recovery,higher,0.391725953390842
gaussian-hmm,normalized_mutual_information,recovery,higher,0.32329482193433084
gaussian-hmm,macro_f1,recovery,higher,0.7425474254742548
gaussian-hmm,boundary_precision,recovery,higher,0.0
gaussian-hmm,boundary_recall,recovery,higher,0.0
gaussian-hmm,boundary_f1,recovery,higher,0.0
gaussian-hmm,recovery_score,recovery,higher,0.5847045107216472
gaussian-hmm,confidence_calibration,regime_quality,lower,0.14511162418909965
jump-segmentation,prediction_coverage,runtime,higher,1.0
jump-segmentation,fit_seconds,runtime,lower,0.029878899920731783
jump-segmentation,regime_persistence,regime_quality,higher,0.9919678714859438
jump-segmentation,switching_frequency,regime_quality,lower,0.008032128514056214
jump-segmentation,occupancy_concentration,regime_quality,lower,0.7767679999999999
jump-segmentation,state_entropy,regime_quality,higher,0.5519275534566073
jump-segmentation,transition_concentration,regime_quality,higher,0.9820708525345623
jump-segmentation,aligned_accuracy,recovery,higher,0.94
jump-segmentation,balanced_accuracy,recovery,higher,0.8849858827437302
jump-segmentation,adjusted_rand_index,recovery,higher,0.6577020013185613
jump-segmentation,normalized_mutual_information,recovery,higher,0.46226732556752925
jump-segmentation,macro_f1,recovery,higher,0.8558745532111149
jump-segmentation,boundary_precision,recovery,higher,0.0
jump-segmentation,boundary_recall,recovery,higher,0.0
jump-segmentation,boundary_f1,recovery,higher,0.0
jump-segmentation,recovery_score,recovery,higher,0.6619964603636092
kmeans-regime,prediction_coverage,runtime,higher,1.0
kmeans-regime,fit_seconds,runtime,lower,0.02696359995752573
kmeans-regime,regime_persistence,regime_quality,higher,0.9839357429718876
kmeans-regime,switching_frequency,regime_quality,lower,0.016064257028112428
kmeans-regime,occupancy_concentration,regime_quality,lower,0.770848
kmeans-regime,state_entropy,regime_quality,higher,0.5628977911449632
kmeans-regime,transition_concentration,regime_quality,higher,0.9650673400673401
kmeans-regime,probability_entropy,regime_quality,lower,0.0
kmeans-regime,aligned_accuracy,recovery,higher,0.936
kmeans-regime,balanced_accuracy,recovery,higher,0.8827437302773625
kmeans-regime,adjusted_rand_index,recovery,higher,0.6403965835786883
kmeans-regime,normalized_mutual_information,recovery,higher,0.4453787061653608
kmeans-regime,macro_f1,recovery,higher,0.8484848484848484
kmeans-regime,boundary_precision,recovery,higher,0.0
kmeans-regime,boundary_recall,recovery,higher,0.0
kmeans-regime,boundary_f1,recovery,higher,0.0
kmeans-regime,recovery_score,recovery,higher,0.655467596119486
kmeans-regime,confidence_calibration,regime_quality,lower,0.06399999999999995
explicit-duration-latent-state,prediction_coverage,runtime,higher,1.0
explicit-duration-latent-state,fit_seconds,runtime,lower,0.7378676999360323
explicit-duration-latent-state,regime_persistence,regime_quality,higher,0.9718875502008032
explicit-duration-latent-state,switching_frequency,regime_quality,lower,0.028112449799196804
explicit-duration-latent-state,occupancy_concentration,regime_quality,lower,0.623008
explicit-duration-latent-state,state_entropy,regime_quality,higher,0.8144326879441559
explicit-duration-latent-state,transition_concentration,regime_quality,higher,0.960189452124936
explicit-duration-latent-state,probability_entropy,regime_quality,lower,0.04562051157978049
explicit-duration-latent-state,aligned_accuracy,recovery,higher,0.848
explicit-duration-latent-state,balanced_accuracy,recovery,higher,0.8985218402258761
explicit-duration-latent-state,adjusted_rand_index,recovery,higher,0.391725953390842
explicit-duration-latent-state,normalized_mutual_information,recovery,higher,0.32329482193433084
explicit-duration-latent-state,macro_f1,recovery,higher,0.7425474254742548
explicit-duration-latent-state,boundary_precision,recovery,higher,0.0
explicit-duration-latent-state,boundary_recall,recovery,higher,0.0
explicit-duration-latent-state,boundary_f1,recovery,higher,0.0
explicit-duration-latent-state,recovery_score,recovery,higher,0.5847045107216472
explicit-duration-latent-state,confidence_calibration,regime_quality,lower,0.14511162418909965
gmm-hmm,prediction_coverage,runtime,higher,1.0
gmm-hmm,fit_seconds,runtime,lower,0.6023861002177
gmm-hmm,regime_persistence,regime_quality,higher,0.9718875502008032
gmm-hmm,switching_frequency,regime_quality,lower,0.028112449799196804
gmm-hmm,occupancy_concentration,regime_quality,lower,0.623008
gmm-hmm,state_entropy,regime_quality,higher,0.8144326879441559
gmm-hmm,transition_concentration,regime_quality,higher,0.960189452124936
gmm-hmm,probability_entropy,regime_quality,lower,0.04563192717561965
gmm-hmm,aligned_accuracy,recovery,higher,0.848
gmm-hmm,balanced_accuracy,recovery,higher,0.8985218402258761
gmm-hmm,adjusted_rand_index,recovery,higher,0.391725953390842
gmm-hmm,normalized_mutual_information,recovery,higher,0.32329482193433084
gmm-hmm,macro_f1,recovery,higher,0.7425474254742548
gmm-hmm,boundary_precision,recovery,higher,0.0
gmm-hmm,boundary_recall,recovery,higher,0.0
gmm-hmm,boundary_f1,recovery,higher,0.0
gmm-hmm,recovery_score,recovery,higher,0.5847045107216472
gmm-hmm,confidence_calibration,regime_quality,lower,0.1451216063226913
hsmm,prediction_coverage,runtime,higher,1.0
hsmm,fit_seconds,runtime,lower,0.7620470998808742
hsmm,regime_persistence,regime_quality,higher,0.9718875502008032
hsmm,switching_frequency,regime_quality,lower,0.028112449799196804
hsmm,occupancy_concentration,regime_quality,lower,0.623008
hsmm,state_entropy,regime_quality,higher,0.8144326879441559
hsmm,transition_concentration,regime_quality,higher,0.960189452124936
hsmm,probability_entropy,regime_quality,lower,0.04562051157978049
hsmm,aligned_accuracy,recovery,higher,0.848
hsmm,balanced_accuracy,recovery,higher,0.8985218402258761
hsmm,adjusted_rand_index,recovery,higher,0.391725953390842
hsmm,normalized_mutual_information,recovery,higher,0.32329482193433084
hsmm,macro_f1,recovery,higher,0.7425474254742548
hsmm,boundary_precision,recovery,higher,0.0
hsmm,boundary_recall,recovery,higher,0.0
hsmm,boundary_f1,recovery,higher,0.0
hsmm,recovery_score,recovery,higher,0.5847045107216472
hsmm,confidence_calibration,regime_quality,lower,0.14511162418909965
input-output-hmm,prediction_coverage,runtime,higher,1.0
input-output-hmm,fit_seconds,runtime,lower,0.7284347000531852
input-output-hmm,regime_persistence,regime_quality,higher,0.9718875502008032
input-output-hmm,switching_frequency,regime_quality,lower,0.028112449799196804
input-output-hmm,occupancy_concentration,regime_quality,lower,0.623008
input-output-hmm,state_entropy,regime_quality,higher,0.8144326879441559
input-output-hmm,transition_concentration,regime_quality,higher,0.960189452124936
input-output-hmm,probability_entropy,regime_quality,lower,0.04562051157978049
input-output-hmm,aligned_accuracy,recovery,higher,0.848
input-output-hmm,balanced_accuracy,recovery,higher,0.8985218402258761
input-output-hmm,adjusted_rand_index,recovery,higher,0.391725953390842
input-output-hmm,normalized_mutual_information,recovery,higher,0.32329482193433084
input-output-hmm,macro_f1,recovery,higher,0.7425474254742548
input-output-hmm,boundary_precision,recovery,higher,0.0
input-output-hmm,boundary_recall,recovery,higher,0.0
input-output-hmm,boundary_f1,recovery,higher,0.0
input-output-hmm,recovery_score,recovery,higher,0.5847045107216472
input-output-hmm,confidence_calibration,regime_quality,lower,0.14511162418909965
sticky-hmm,prediction_coverage,runtime,higher,1.0
sticky-hmm,fit_seconds,runtime,lower,0.7549091996625066
sticky-hmm,regime_persistence,regime_quality,higher,0.9718875502008032
sticky-hmm,switching_frequency,regime_quality,lower,0.028112449799196804
sticky-hmm,occupancy_concentration,regime_quality,lower,0.623008
sticky-hmm,state_entropy,regime_quality,higher,0.8144326879441559
sticky-hmm,transition_concentration,regime_quality,higher,0.960189452124936
sticky-hmm,probability_entropy,regime_quality,lower,0.04562051157978049
sticky-hmm,aligned_accuracy,recovery,higher,0.848
sticky-hmm,balanced_accuracy,recovery,higher,0.8985218402258761
sticky-hmm,adjusted_rand_index,recovery,higher,0.391725953390842
sticky-hmm,normalized_mutual_information,recovery,higher,0.32329482193433084
sticky-hmm,macro_f1,recovery,higher,0.7425474254742548
sticky-hmm,boundary_precision,recovery,higher,0.0
sticky-hmm,boundary_recall,recovery,higher,0.0
sticky-hmm,boundary_f1,recovery,higher,0.0
sticky-hmm,recovery_score,recovery,higher,0.5847045107216472
sticky-hmm,confidence_calibration,regime_quality,lower,0.14511162418909965
rule-volatility-threshold,prediction_coverage,runtime,higher,1.0
rule-volatility-threshold,fit_seconds,runtime,lower,0.009156299754977226
rule-volatility-threshold,regime_persistence,regime_quality,higher,0.9759036144578314
rule-volatility-threshold,switching_frequency,regime_quality,lower,0.02409638554216864
rule-volatility-threshold,occupancy_concentration,regime_quality,lower,0.7099519999999999
rule-volatility-threshold,state_entropy,regime_quality,higher,0.6712478853829508
rule-volatility-threshold,transition_concentration,regime_quality,higher,0.9585920177383591
rule-volatility-threshold,aligned_accuracy,recovery,higher,0.892
rule-volatility-threshold,balanced_accuracy,recovery,higher,0.8580800531473177
rule-volatility-threshold,adjusted_rand_index,recovery,higher,0.4799716466268571
rule-volatility-threshold,normalized_mutual_information,recovery,higher,0.31252452058585495
rule-volatility-threshold,macro_f1,recovery,higher,0.778390623461046
rule-volatility-threshold,boundary_precision,recovery,higher,0.0
rule-volatility-threshold,boundary_recall,recovery,higher,0.0
rule-volatility-threshold,boundary_f1,recovery,higher,0.0
rule-volatility-threshold,recovery_score,recovery,higher,0.5968301700846078
student-t-hmm,prediction_coverage,runtime,higher,1.0
student-t-hmm,fit_seconds,runtime,lower,4.586289800237864
student-t-hmm,regime_persistence,regime_quality,higher,0.9799196787148594
student-t-hmm,switching_frequency,regime_quality,lower,0.02008032128514059
student-t-hmm,occupancy_concentration,regime_quality,lower,0.6479680000000001
student-t-hmm,state_entropy,regime_quality,higher,0.7745085286615678
student-t-hmm,transition_concentration,regime_quality,higher,0.9684758771929824
student-t-hmm,probability_entropy,regime_quality,lower,0.047980804355897126
student-t-hmm,aligned_accuracy,recovery,higher,0.848
student-t-hmm,balanced_accuracy,recovery,higher,0.8496927420694237
student-t-hmm,adjusted_rand_index,recovery,higher,0.36893917422594197
student-t-hmm,normalized_mutual_information,recovery,higher,0.2518143164228446
student-t-hmm,macro_f1,recovery,higher,0.7281364468864469
student-t-hmm,boundary_precision,recovery,higher,0.0
student-t-hmm,boundary_recall,recovery,higher,0.0
student-t-hmm,boundary_f1,recovery,higher,0.0
student-t-hmm,recovery_score,recovery,higher,0.5603521820819478
student-t-hmm,confidence_calibration,regime_quality,lower,0.1430867703542547
supervised-classifier,prediction_coverage,runtime,higher,1.0
supervised-classifier,fit_seconds,runtime,lower,0.0377790997736156
supervised-classifier,regime_persistence,regime_quality,higher,0.9919678714859438
supervised-classifier,switching_frequency,regime_quality,lower,0.008032128514056214
supervised-classifier,occupancy_concentration,regime_quality,lower,0.8329280000000001
supervised-classifier,state_entropy,regime_quality,higher,0.44311055824469103
supervised-classifier,transition_concentration,regime_quality,higher,0.9760484801846865
supervised-classifier,probability_entropy,regime_quality,lower,0.2718312753742796
supervised-classifier,aligned_accuracy,recovery,higher,0.936
supervised-classifier,balanced_accuracy,recovery,higher,0.8013619000166086
supervised-classifier,adjusted_rand_index,recovery,higher,0.594016036345661
supervised-classifier,normalized_mutual_information,recovery,higher,0.38650387757799265
supervised-classifier,macro_f1,recovery,higher,0.8222222222222222
supervised-classifier,boundary_precision,recovery,higher,0.0
supervised-classifier,boundary_recall,recovery,higher,0.0
supervised-classifier,boundary_f1,recovery,higher,0.0
supervised-classifier,recovery_score,recovery,higher,0.623849336331609
supervised-classifier,confidence_calibration,regime_quality,lower,0.01898516863700705
